{"min_bound": [-4915.41162109375, -1500.0, -3000.0], "max_bound": [17421.35546875, 4900.0, -800.0]}